text,intent,sub_intent
"hi",greeting,
"hello",greeting,
"hey there",greeting,
"hi there",greeting,
"yo",greeting,
"hiya",greeting,
"hello friend",greeting,
"good morning",greeting,
"good afternoon",greeting,
"good evening",greeting,
"hey!",greeting,
"greetings",greeting,
"hi again",greeting,
"good day",greeting,
"hey buddy",greeting,
"hello again",greeting,
"howdy",greeting,
"hey you",greeting,
"hi my friend",greeting,
"hey whats up",greeting,
"hi bot",greeting,
"hello there bot",greeting,
"hey assistant",greeting,
"morning",greeting,
"evening",greeting,
"afternoon",greeting,
"heya",greeting,
"sup bot",greeting,
"hello chatbot",greeting,
"greetings friend",greeting,

"how are you",small_talk,mood
"hows it going",small_talk,mood
"how are things",small_talk,mood
"you good",small_talk,mood
"are you doing okay",small_talk,mood
"hows your day",small_talk,mood
"everything alright",small_talk,mood
"how are you feeling today",small_talk,mood
"are you well",small_talk,mood
"sup",small_talk,mood
"whats up",small_talk,mood
"whats good",small_talk,mood
"are you okay",small_talk,mood
"hows life",small_talk,mood

"hows the weather",small_talk,weather
"whats the weather like",small_talk,weather
"tell me the weather",small_talk,weather
"hows the weather over there",small_talk,weather
"whats the forecast today",small_talk,weather
"do you know todays weather",small_talk,weather
"update me on the weather",small_talk,weather
"whats the weather report",small_talk,weather

"thanks",small_talk,thanks
"thank you",small_talk,thanks
"thanks a lot",small_talk,thanks
"thanks so much",small_talk,thanks
"appreciate it",small_talk,thanks
"thanks for the help",small_talk,thanks
"cheers",small_talk,thanks
"thanks buddy",small_talk,thanks
"many thanks",small_talk,thanks
"thank you again",small_talk,thanks
"that helps thanks",small_talk,thanks
"thanks for that",small_talk,thanks
"thank you so much",small_talk,thanks
"appreciate your help",small_talk,thanks

"what is my name",ask_user_name,
"do you know my name",ask_user_name,
"tell me my name",ask_user_name,
"whats my name",ask_user_name,
"do you remember my name",ask_user_name,
"who am I",ask_user_name,
"can you recall my name",ask_user_name,
"you forgot my name didnt you",ask_user_name,
"identify me",ask_user_name,
"what did I tell you my name was",ask_user_name,
"do you remember who I am",ask_user_name,
"do you know me",ask_user_name,
"remind me of my name",ask_user_name,
"say my name",ask_user_name,
"what name do you have for me",ask_user_name,
"what do you think my name is",ask_user_name,
"do I have a name in your memory",ask_user_name,
"tell me who I am again",ask_user_name,
"can you remember what Im called",ask_user_name,
"who am I to you",ask_user_name,
"my name please",ask_user_name,
"what do you call me",ask_user_name,
"you know my name right",ask_user_name,
"tell me what my name is",ask_user_name,
"can you tell me my name",ask_user_name,
"whats my name again",ask_user_name,
"do you have my name",ask_user_name,
"have you got my name",ask_user_name,
"what am I called",ask_user_name,
"remind me what Im called",ask_user_name,
"you remember my name",ask_user_name,
"do you know what I am called",ask_user_name,
"what name did I give you",ask_user_name,
"can you say my name",ask_user_name,
"have I told you my name",ask_user_name,
"my name is what",ask_user_name,
"tell me my name please",ask_user_name,
"what do you remember about my name",ask_user_name,
"do you still remember my name",ask_user_name,
"you should know my name",ask_user_name,
"whats my username",ask_user_name,
"what user name do I have",ask_user_name,
"tell me the name I gave",ask_user_name,
"remind me what I said my name was",ask_user_name,
"what name did I introduce myself with",ask_user_name,

"what is your name",ask_bot_name,
"what do I call you",ask_bot_name,
"who are you",ask_bot_name,
"do you have a name",ask_bot_name,
"can you tell me your name",ask_bot_name,
"I forgot your name",ask_bot_name,
"remind me your name",ask_bot_name,
"who am I speaking to",ask_bot_name,
"whos talking to me",ask_bot_name,
"what name do you use",ask_bot_name,
"tell me what you're called",ask_bot_name,
"whats your name again",ask_bot_name,
"how should I address you",ask_bot_name,
"do you go by a name",ask_bot_name,
"introduce yourself",ask_bot_name,
"what do you like to be called",ask_bot_name,
"say your name",ask_bot_name,
"who is this",ask_bot_name,
"do you have a proper name",ask_bot_name,
"what can I refer to you as",ask_bot_name,
"your name",ask_bot_name,
"tell me your name",ask_bot_name,
"what are you called",ask_bot_name,
"whats your name bot",ask_bot_name,
"what should I call you",ask_bot_name,
"who are you exactly",ask_bot_name,
"identify yourself",ask_bot_name,
"what is the name of this bot",ask_bot_name,
"bot name",ask_bot_name,
"chatbot name",ask_bot_name,
"assistant name",ask_bot_name,
"tell me who you are",ask_bot_name,
"you have a name",ask_bot_name,
"do you call yourself something",ask_bot_name,
"what name were you given",ask_bot_name,
"how do you call yourself",ask_bot_name,
"what do people call you",ask_bot_name,
"give me your name",ask_bot_name,
"state your name",ask_bot_name,
"what are they calling you",ask_bot_name,
"whats the bots name",ask_bot_name,
"whats the assistants name",ask_bot_name,
"tell me the bot name",ask_bot_name,
"what is this chatbot called",ask_bot_name,
"name of the bot",ask_bot_name,
"name of this assistant",ask_bot_name,
"what do they call this bot",ask_bot_name,
"how is this bot named",ask_bot_name,
"tell me about yourself",ask_bot_name,
"whats your bot name",ask_bot_name,
"give me the bots name",ask_bot_name,
"you are who",ask_bot_name,
"you are called what",ask_bot_name,
"what is the chatbot name",ask_bot_name,

"what can you do",capabilities,
"what are your abilities",capabilities,
"how can you help me",capabilities,
"can you help me please",capabilities,
"what are you able to do",capabilities,
"what do you do",capabilities,
"what is your purpose",capabilities,
"how do you work",capabilities,
"explain your functions",capabilities,
"how do you assist users",capabilities,
"what tasks can you do",capabilities,
"i need help",capabilities,
"please help me out",capabilities,
"help me out",capabilities,
"how can you assist me",capabilities,
"what's your skillset",capabilities,
"what can you help me with",capabilities,
"what are you designed to do",capabilities,
"what are you made to do",capabilities,
"show me what you can do",capabilities,
"tell me your functions",capabilities,
"how do you operate",capabilities,
"how do you work",capabilities,

"tell me about lasagne",recipe_details,
"show me details for this recipe",recipe_details,
"give me details about that dish",recipe_details,
"what's in this recipe",recipe_details,
"what ingredients does it use",recipe_details,
"tell me the ingredients for lasagne",recipe_details,
"describe this recipe",recipe_details,
"give me an overview for this recipe",recipe_details,
"what diets does this recipe fit",recipe_details,
"tell me more about it",recipe_details,
"tell me more about ",recipe_details,
"what does this recipe include",recipe_details,
"what are the details of this recipe",recipe_details,
"tell me the recipe details",recipe_details,
"give me information about this recipe",recipe_details,
"what goes into making lasagne",recipe_details,
"tell me about this dish",recipe_details,
"whats in it",recipe_details,
"what ingredients are needed",recipe_details,
"give me info on this recipe",recipe_details,
"show me what this recipe contains",recipe_details,
"recipe information please",recipe_details,
"what do I need for this",recipe_details,
"tell me the details",recipe_details,
"describe that recipe",recipe_details,
"whats this recipe about",recipe_details,
"tell me about pancakes",recipe_details,
"give me details on pizza",recipe_details,
"what is in chicken curry",recipe_details,
"show details for pasta",recipe_details,
"tell me ingredients for soup",recipe_details,
"describe the lasagne recipe",recipe_details,
"what does the recipe need",recipe_details,
"show me recipe info",recipe_details,
"give me an overview",recipe_details,
"whats included in this",recipe_details,
"recipe overview please",recipe_details,
"tell me what ingredients",recipe_details,
"describe it for me",recipe_details,
"give me more info on that",recipe_details,
"show me the ingredients list",recipe_details,
"tell me about that recipe",recipe_details,
"whats needed for this recipe",recipe_details,
"explain this recipe",recipe_details,
"what are the components",recipe_details,

"find me a recipe",recipe_search,
"find me a recipe please",recipe_search,
"please find me a recipe",recipe_search,
"what can i eat today",recipe_search,
"what can i cook",recipe_search,
"what should i eat",recipe_search,
"what should i cook",recipe_search,
"what should i cook today",recipe_search,
"what can i cook today",recipe_search,
"i want a recipe",recipe_search,
"give me a recipe",recipe_search,
"suggest a recipe",recipe_search,
"suggest a recipe please",recipe_search,
"please suggest me a recipe",recipe_search,
"show me a recipe",recipe_search,
"i want to cook something",recipe_search,
"what should i make today",recipe_search,
"find a meal for me",recipe_search,
"give me a meal idea",recipe_search,
"give me a something to cook",recipe_search,
"give me a something to make",recipe_search,
"show something i can cook",recipe_search,
"recommend something to cook",recipe_search,
"give me some cooking ideas",recipe_search,
"i dont know what to eat",recipe_search,
"im not sure what to cook",recipe_search,
"i want something to cook",recipe_search,
"give me some recipe ideas",recipe_search,
"show me food ideas",recipe_search,
"help me decide what to cook",recipe_search,

"i want a vegetarian dinner",recipe_filter_search,
"show me a vegan meal",recipe_filter_search,
"find me a healthy dinner",recipe_filter_search,
"suggest a vegetarian recipe",recipe_filter_search,
"give me a vegetarian dish",recipe_filter_search,
"i need a low calorie meal",recipe_filter_search,
"i want gluten free dinner",recipe_filter_search,
"find a dairy free recipe",recipe_filter_search,
"do you know a keto meal",recipe_filter_search,
"show me high protein meals",recipe_filter_search,
"what can I cook with chicken",recipe_filter_search,
"what can I make with rice",recipe_filter_search,
"i have chicken and rice",recipe_filter_search,
"i have tomatoes what can I make",recipe_filter_search,
"recipe ideas with vegetables",recipe_filter_search,
"what can I make with bread",recipe_filter_search,
"i have salmon what can i cook",recipe_filter_search,
"i have flour sugar and eggs",recipe_filter_search,
"recipe ideas using fish",recipe_filter_search,
"what meal can I make using beef",recipe_filter_search,
"find me a paleo recipe",recipe_filter_search,
"i want something low fat",recipe_filter_search,
"show me sugar free recipes",recipe_filter_search,
"give me a plant based meal",recipe_filter_search,
"i need a diabetic friendly recipe",recipe_filter_search,
"find me a nut free dinner",recipe_filter_search,
"whats a good vegetarian option",recipe_filter_search,
"show me recipes with potatoes",recipe_filter_search,
"i have eggs and milk",recipe_filter_search,
"what can I make with pasta",recipe_filter_search,
"recipes with ground beef",recipe_filter_search,
"i have chicken breast",recipe_filter_search,
"what can I cook with shrimp",recipe_filter_search,
"show me low carb meals",recipe_filter_search,
"i want a high fiber recipe",recipe_filter_search,
"find pescatarian meals",recipe_filter_search,
"show me whole30 recipes",recipe_filter_search,
"i need a soy free meal",recipe_filter_search,
"recipes using spinach",recipe_filter_search,
"what can I make with carrots",recipe_filter_search,
"i have onions and garlic",recipe_filter_search,
"show me recipes with mushrooms",recipe_filter_search,
"what dishes use broccoli",recipe_filter_search,
"i have leftover chicken",recipe_filter_search,
"recipes with sweet potatoes",recipe_filter_search,
"what can I make with beans",recipe_filter_search,
"show me recipes with lentils",recipe_filter_search,
"i have ground turkey",recipe_filter_search,
"what can I cook with pork",recipe_filter_search,
"recipes using tofu",recipe_filter_search,
"i have bell peppers",recipe_filter_search,
"what meals use zucchini",recipe_filter_search,
"show me recipes with cheese",recipe_filter_search,
"i have yogurt what can i make",recipe_filter_search,
"recipes with quinoa",recipe_filter_search,
"what can I make with oats",recipe_filter_search,
"show me grain free recipes",recipe_filter_search,
"i want an organic meal",recipe_filter_search,

"how do I make pancakes",recipe_steps,
"how to make pizza",recipe_steps,
"lets make it",recipe_steps,
"lets cook that",recipe_steps,
"lets make this",recipe_steps,
"what are the instructions for that",recipe_steps,
"can you give me the instructions for that",recipe_steps,
"give me the steps",recipe_steps,
"show me how to cook pasta",recipe_steps,
"can you show me how to cook lasagne",recipe_steps,
"how to prepare chicken curry",recipe_steps,
"do you know how to prepare chicken curry",recipe_steps,
"guide me through making this",recipe_steps,
"can you guide me through the steps for that",recipe_steps,
"teach me how to cook this",recipe_steps,
"can you teach me how to cook this",recipe_steps,
"walk me through this recipe",recipe_steps,
"can you walk me through that recipe",recipe_steps,
"help me cook this meal",recipe_steps,
"can you help me cook that",recipe_steps,
"help me prepare fish",recipe_steps,
"can you help me prepare fish",recipe_steps,
"help me with the steps for that",recipe_steps,
"help me on the instructions for that",recipe_steps,
"do you know the instructions for that",recipe_steps,
"start cooking instructions",recipe_steps,
"give me the cooking steps",recipe_steps,
"begin recipe instructions",recipe_steps,
"show step by step cooking",recipe_steps,
"how do I cook this dish",recipe_steps,
"show me step-by-step",recipe_steps,
"give instructions to cook it",recipe_steps,
"start the recipe guide",recipe_steps,
"talk me through cooking this",recipe_steps,
"can you cook that",recipe_steps,
"do you know how to cook lasagne",recipe_steps,
"do you know how to make pizza",recipe_steps,

"save this recipe",recipe_save,
"save meal",recipe_save,
"save pizza",recipe_save,
"save lasagne",recipe_save,
"can you save that one",recipe_save,
"add this to my saved recipes",recipe_save,
"add this to my saved",recipe_save,
"put this in my favourites",recipe_save,
"add this to my favourites",recipe_save,
"favourite that one",recipe_save,
"can you favourite it please",recipe_save,
"favourite this recipe",recipe_save,
"remember this recipe",recipe_save,
"store this recipe",recipe_save,
"keep this recipe for me",recipe_save,
"save that one",recipe_save,
"add to my saved meals",recipe_save,
"save this meal",recipe_save,
"add that to favourites",recipe_save,
"put that in saved recipes",recipe_save,
"save this for later",recipe_save,
"add to my saved list",recipe_save,
"add to my saved list please",recipe_save,
"bookmark this recipe",recipe_save,
"save this dish",recipe_save,
"put this aside for later",recipe_save,
"please save this recipe",recipe_save,
"remember this meal",recipe_save,
"remember that recipe for the future",recipe_save,

"what are my saved recipes",recipe_recall,
"show me my saved recipes",recipe_recall,
"show me my favourites",recipe_recall,
"what is in my favourites",recipe_recall,
"open my saved recipes",recipe_recall,
"open my favourites",recipe_recall,
"what did I save",recipe_recall,
"show saved recipes",recipe_recall,
"which recipes did I save",recipe_recall,
"what recipes have I saved",recipe_recall,
"whats in my favourites",recipe_recall,
"whats in my list of saved",recipe_recall,
"whats in my favourites",recipe_recall,
"show me meals I saved",recipe_recall,
"what meals did I favourite",recipe_recall,
"list my saved recipes",recipe_recall,
"show my stored recipes",recipe_recall,
"retrieve my saved meals",recipe_recall,
"open my saved list",recipe_recall,
"view my favourites",recipe_recall,
"bring up saved recipes",recipe_recall,
"what dishes have I saved",recipe_recall,
"show favourite meals",recipe_recall,
"what do i have saved",recipe_recall,
"what do i have stored",recipe_recall,